code_origin,nom_origin,code_dest,nom_dest,origin_dest,flux_etudes_2010,flux_etudes_2011,flux_etudes_2012,flux_etudes_2013,flux_etudes_2014,flux_etudes_2015,flux_etudes_2016,flux_etudes_2017,flux_etudes_2018,flux_etudes_2019,flux_etudes_2020,flux_etudes_avg,flux_travail_2010,flux_travail_2011,flux_travail_2012,flux_travail_2013,flux_travail_2014,flux_travail_2015,flux_travail_2016,flux_travail_2017,flux_travail_2018,flux_travail_2019,flux_travail_2020,flux_travail_avg
95127,Cergy,78440,Les Mureaux,95127_78440,0,0,0,0,0,0,0,0,0,0,0,0,0,0,113,0,0,0,0,0,0,0,0,113
95127,Cergy,95607,Taverny,95127_95607,0,0,0,0,0,0,0,0,0,0,0,0,118,140,144,135,116,120,137,143,144,148,156,136
95127,Cergy,95637,Vauréal,95127_95637,215,236,231,220,264,244,233,278,274,266,301,251,162,181,201,206,219,229,196,205,205,192,180,198
95127,Cergy,75101,Paris 1er Arrondissement,95127_75101,0,0,0,0,0,0,0,0,0,0,0,0,208,203,269,241,208,209,209,162,182,173,173,203
95127,Cergy,75102,Paris 2e Arrondissement,95127_75102,0,0,0,0,0,0,0,0,0,0,0,0,166,184,179,174,152,126,132,165,192,190,189,168
95127,Cergy,75104,Paris 4e  Arrondissement,95127_75104,0,0,0,0,0,0,0,0,0,0,0,0,0,0,0,0,114,117,111,104,0,0,0,112
95127,Cergy,75105,Paris 5e  Arrondissement,95127_75105,0,0,0,0,0,0,0,0,0,0,0,0,0,0,108,105,108,106,0,0,0,0,0,107
95127,Cergy,75106,Paris 6e Arrondissement,95127_75106,0,0,0,0,0,0,0,0,0,0,0,0,101,100,107,0,0,0,0,0,0,0,0,103
95127,Cergy,75107,Paris 7e Arrondissement,95127_75107,0,0,0,0,0,0,0,0,0,0,0,0,125,129,125,128,142,135,111,118,140,142,183,134
95127,Cergy,75108,Paris 8e Arrondissement,95127_75108,0,0,0,0,0,0,0,0,0,0,0,0,535,611,652,665,646,650,606,623,647,652,643,630
95127,Cergy,75109,Paris 9e Arrondissement,95127_75109,0,0,0,0,0,0,0,0,0,0,0,0,358,355,366,396,422,450,469,486,469,439,376,417
95127,Cergy,75110,Paris 10e Arrondissement,95127_75110,0,0,0,0,0,0,0,0,0,0,0,0,180,169,165,162,168,168,188,184,175,175,191,175
95127,Cergy,75111,Paris 11e Arrondissement,95127_75111,0,0,0,0,0,0,0,0,0,0,0,0,179,130,138,115,119,143,134,130,137,151,162,140
95127,Cergy,75112,Paris 12e Arrondissement,95127_75112,0,0,0,0,0,0,0,0,0,0,0,0,216,261,290,299,308,303,258,252,257,243,228,265
95127,Cergy,75113,Paris 13e Arrondissement,95127_75113,0,0,0,0,0,0,0,119,158,155,150,146,250,259,249,232,225,199,185,184,199,199,229,219
95127,Cergy,75114,Paris 14e Arrondissement,95127_75114,0,0,0,0,0,0,0,0,0,0,0,0,162,151,189,159,137,129,134,117,118,128,133,142
95127,Cergy,75115,Paris 15e Arrondissement,95127_75115,0,110,0,0,0,0,0,0,0,0,0,110,277,278,311,330,350,382,417,386,389,389,400,355
95127,Cergy,75116,Paris 16e Arrondissement,95127_75116,0,0,0,0,0,0,0,0,0,0,0,0,331,342,347,303,321,284,276,301,334,325,362,321
95127,Cergy,75117,Paris 17e Arrondissement,95127_75117,0,0,0,0,0,0,0,0,0,0,0,0,304,287,308,334,315,338,354,382,395,400,395,347
95127,Cergy,75118,Paris 18e Arrondissement,95127_75118,0,0,0,0,0,0,0,0,0,0,0,0,234,234,244,209,223,230,238,232,211,205,190,223
95127,Cergy,75119,Paris 19e Arrondissement,95127_75119,0,0,0,0,0,0,0,0,0,0,0,0,128,127,147,139,110,121,128,129,157,162,195,140
95127,Cergy,75120,Paris 20e Arrondissement,95127_75120,0,0,0,0,0,0,0,0,0,0,0,0,112,106,111,124,172,185,203,198,193,176,181,160
95127,Cergy,78172,Conflans-Sainte-Honorine,95127_78172,0,0,0,0,0,0,0,0,0,0,0,0,333,273,254,337,300,341,383,373,320,319,265,318
95127,Cergy,78358,Maisons-Laffitte,95127_78358,0,0,0,0,0,0,0,0,0,0,0,0,0,0,0,109,0,0,0,104,117,112,145,117
95127,Cergy,95252,Franconville,95127_95252,0,0,0,0,0,0,0,0,0,0,0,0,100,0,0,0,118,0,0,100,106,102,105,105
95127,Cergy,78498,Poissy,95127_78498,0,0,0,0,0,0,0,0,0,0,0,0,286,301,297,314,303,269,254,266,220,227,227,269
95127,Cergy,78551,Saint-Germain-en-Laye,95127_78551,0,0,0,0,0,0,0,0,0,0,0,0,162,194,212,185,125,125,100,0,0,0,0,158
95127,Cergy,78586,Sartrouville,95127_78586,0,0,0,0,0,0,0,0,0,0,0,0,198,197,187,165,151,147,152,166,157,160,178,169
95127,Cergy,92012,Boulogne-Billancourt,95127_92012,0,0,0,0,0,0,0,0,0,0,0,0,169,195,189,199,180,158,157,174,160,164,214,178
95127,Cergy,92024,Clichy,95127_92024,0,0,0,0,0,0,0,0,0,0,0,0,133,127,140,168,154,155,172,163,119,129,133,145
95127,Cergy,92025,Colombes,95127_92025,0,0,0,0,0,0,0,0,0,0,0,0,232,229,210,198,184,164,158,160,133,135,126,175
95127,Cergy,92026,Courbevoie,95127_92026,0,0,0,0,0,0,0,0,0,0,0,0,662,648,651,720,690,646,656,677,588,591,612,649
95127,Cergy,92036,Gennevilliers,95127_92036,0,0,0,0,0,0,0,0,0,0,0,0,214,212,222,200,187,198,210,262,281,279,280,231
95127,Cergy,92044,Levallois-Perret,95127_92044,0,0,0,0,0,0,0,0,0,0,0,0,246,242,242,266,237,218,202,231,254,268,314,247
95127,Cergy,92050,Nanterre,95127_92050,260,254,235,226,219,220,221,271,307,300,345,260,772,805,738,740,720,672,641,674,704,745,825,731
95127,Cergy,92051,Neuilly-sur-Seine,95127_92051,0,0,0,0,0,0,0,0,0,0,0,0,157,168,172,173,139,137,139,149,175,180,170,160
95127,Cergy,92062,Puteaux,95127_92062,0,0,0,0,0,0,0,0,0,0,0,0,552,544,557,530,487,478,479,533,564,571,622,538
95127,Cergy,92063,Rueil-Malmaison,95127_92063,0,0,0,0,0,0,0,0,0,0,0,0,246,241,247,251,229,199,204,204,202,200,224,222
95127,Cergy,92073,Suresnes,95127_92073,0,0,0,0,0,0,0,0,0,0,0,0,110,102,0,0,0,101,111,120,123,116,110,112
95127,Cergy,93048,Montreuil,95127_93048,0,0,0,0,0,0,0,0,0,0,0,0,0,0,104,0,0,0,0,0,0,0,125,115
95127,Cergy,93066,Saint-Denis,95127_93066,0,0,0,0,0,0,0,0,0,0,0,0,220,258,320,331,352,369,334,281,290,273,271,300
95127,Cergy,93070,Saint-Ouen,95127_93070,0,0,0,0,0,0,0,0,0,0,0,0,0,103,120,169,176,188,171,168,138,145,137,152
95127,Cergy,95018,Argenteuil,95127_95018,0,0,0,0,160,181,159,171,154,144,113,155,378,349,387,362,356,309,314,293,307,317,329,336
95127,Cergy,95063,Bezons,95127_95063,0,0,0,0,0,0,0,0,0,0,0,0,0,0,116,131,132,138,117,0,102,105,0,120
95127,Cergy,95176,Cormeilles-en-Parisis,95127_95176,0,0,0,123,117,110,116,121,0,0,0,117,0,0,0,0,0,0,0,0,0,0,0,0
95127,Cergy,95183,Courdimanche,95127_95183,180,179,217,220,209,199,203,183,184,195,220,199,0,0,0,0,0,0,0,0,0,0,0,0
95127,Cergy,95211,Ennery,95127_95211,0,0,0,0,0,0,0,0,0,0,0,0,148,157,150,158,135,127,102,104,0,101,108,129
95127,Cergy,95218,Éragny,95127_95218,161,150,117,132,139,129,125,129,0,0,0,135,535,529,568,535,577,561,588,578,618,577,530,563
95127,Cergy,95277,Gonesse,95127_95277,0,0,0,0,0,0,0,0,0,0,0,0,0,0,0,0,0,0,0,0,0,101,0,101
95127,Cergy,95306,Herblay,95127_95306,0,0,0,0,0,0,0,0,0,0,0,0,166,161,206,197,196,209,261,278,341,330,317,242
95127,Cergy,95323,Jouy-le-Moutier,95127_95323,181,213,211,218,182,190,160,174,149,140,141,178,212,231,238,229,241,262,308,245,246,254,257,248
95127,Cergy,95388,Menucourt,95127_95388,0,0,0,0,0,0,0,0,0,0,0,0,0,0,0,0,0,0,0,0,113,111,116,113
95127,Cergy,95424,Montigny-lès-Cormeilles,95127_95424,0,0,0,0,0,0,0,0,0,0,0,0,0,0,103,0,0,0,0,0,0,0,0,103
95127,Cergy,95476,Osny,95127_95476,261,266,310,263,220,206,185,181,218,217,262,235,764,814,804,799,691,653,631,633,726,763,818,736
95127,Cergy,95488,Pierrelaye,95127_95488,0,0,0,0,0,0,0,0,0,0,0,0,118,0,0,106,106,0,117,125,118,124,118,117
95127,Cergy,95500,Pontoise,95127_95500,566,569,525,584,592,560,504,557,477,474,546,541,809,802,773,779,838,887,869,886,799,798,774,819
95127,Cergy,95527,Roissy-en-France,95127_95527,0,0,0,0,0,0,0,0,0,0,0,0,154,169,191,193,166,179,196,203,246,246,250,199
95127,Cergy,95572,Saint-Ouen-l'Aumône,95127_95572,211,165,149,134,128,112,121,144,147,158,155,148,1156,1159,1168,1128,1054,1079,1117,1192,1268,1285,1291,1172
95183,Courdimanche,75108,Paris 8e Arrondissement,95183_75108,0,0,0,0,0,0,0,0,0,0,0,0,127,0,0,0,0,0,116,116,115,116,116,118
95183,Courdimanche,92026,Courbevoie,95183_92026,0,0,0,0,0,0,0,0,0,0,0,0,111,0,0,0,0,0,121,121,120,122,122,120
95183,Courdimanche,92050,Nanterre,95183_92050,0,0,0,0,0,0,0,0,0,0,0,0,0,0,0,0,100,101,0,0,0,0,0,101
95183,Courdimanche,95127,Cergy,95183_95127,320,233,235,236,237,238,394,392,390,392,391,314,438,423,426,428,430,432,464,462,460,465,468,445
95183,Courdimanche,95218,Éragny,95183_95218,0,0,0,0,0,0,0,0,0,0,0,0,0,0,0,0,0,0,106,105,105,106,107,106
95183,Courdimanche,95476,Osny,95183_95476,0,0,0,0,0,0,0,0,0,0,0,0,126,0,0,0,100,101,111,111,110,111,111,110
95183,Courdimanche,95500,Pontoise,95183_95500,0,0,0,0,0,0,0,0,0,0,0,0,153,123,127,128,128,129,111,111,110,112,112,122
95183,Courdimanche,95572,Saint-Ouen-l'Aumône,95183_95572,0,0,0,0,0,0,0,0,0,0,0,0,155,115,119,120,120,121,162,161,160,161,162,141
95218,Éragny,95476,Osny,95218_95476,0,0,0,0,0,0,0,0,0,0,0,0,122,114,140,142,144,137,138,130,111,112,110,127
95218,Éragny,95500,Pontoise,95218_95500,213,223,230,193,189,185,167,183,218,221,226,204,243,272,249,252,227,234,225,240,234,233,220,239
95218,Éragny,95572,Saint-Ouen-l'Aumône,95218_95572,117,112,0,0,0,0,0,0,0,0,0,115,476,452,437,436,403,400,420,426,401,406,397,423
95218,Éragny,75108,Paris 8e Arrondissement,95218_75108,0,0,0,0,0,0,0,0,0,0,0,0,145,138,130,148,163,170,186,186,168,173,195,164
95218,Éragny,75109,Paris 9e  Arrondissement,95218_75109,0,0,0,0,0,0,0,0,0,0,0,0,0,0,114,101,0,0,0,0,113,114,135,115
95218,Éragny,78172,Conflans-Sainte-Honorine,95218_78172,149,119,150,152,147,159,186,202,184,183,168,164,389,375,346,284,261,291,311,341,368,370,358,336
95218,Éragny,78498,Poissy,95218_78498,0,0,0,0,0,0,0,0,0,0,0,0,136,109,108,0,0,0,0,0,104,101,104,110
95218,Éragny,92026,Courbevoie,95218_92026,0,0,0,0,0,0,0,0,0,0,0,0,145,146,155,135,140,108,120,113,129,129,155,134
95218,Éragny,92036,Gennevilliers,95218_92036,0,0,0,0,0,0,0,0,0,0,0,0,0,0,103,100,0,0,0,0,117,116,109,109
95218,Éragny,92044,Levallois-Perret,95218_92044,0,0,0,0,0,0,0,0,0,0,0,0,114,105,0,0,0,0,0,0,0,0,0,110
95218,Éragny,92050,Nanterre,95218_92050,0,0,0,0,0,0,0,0,0,0,0,0,138,145,162,164,188,178,196,200,184,191,230,180
95218,Éragny,92062,Puteaux,95218_92062,0,0,0,0,0,0,0,0,0,0,0,0,138,144,154,137,130,129,132,125,130,129,127,134
95218,Éragny,92063,Rueil-Malmaison,95218_92063,0,0,0,0,0,0,0,0,0,0,0,0,107,112,119,105,0,0,0,0,0,0,0,111
95218,Éragny,93066,Saint-Denis,95218_93066,0,0,0,0,0,0,0,0,0,0,0,0,0,100,0,0,0,0,0,0,100,100,103,101
95218,Éragny,95018,Argenteuil,95218_95018,0,0,0,0,0,0,0,0,0,0,0,0,174,182,188,161,160,154,152,162,191,190,190,173
95218,Éragny,95127,Cergy,95218_95127,406,401,399,411,425,411,442,412,431,435,495,424,505,485,482,502,535,525,582,556,577,588,585,538
95218,Éragny,95306,Herblay,95218_95306,0,0,0,0,0,0,0,0,0,0,0,0,135,122,118,120,128,135,130,154,164,165,144,138
95323,Jouy-le-Moutier,95500,Pontoise,95323_95500,119,126,112,118,112,105,0,115,149,155,160,127,288,285,275,266,258,226,224,246,272,284,299,266
95323,Jouy-le-Moutier,95572,Saint-Ouen-l'Aumône,95323_95572,0,0,0,0,0,0,0,0,0,0,0,0,411,362,313,299,308,330,360,370,377,387,350,352
95323,Jouy-le-Moutier,95637,Vauréal,95323_95637,153,147,143,172,161,185,200,221,223,226,217,186,118,117,116,104,0,0,0,0,0,0,0,114
95323,Jouy-le-Moutier,75108,Paris 8e Arrondissement,95323_75108,0,0,0,0,0,0,0,0,0,0,0,0,146,125,140,139,141,118,125,123,139,143,159,136
95323,Jouy-le-Moutier,75109,Paris 9e Arrondissement,95323_75109,0,0,0,0,0,0,0,0,0,0,0,0,0,103,102,0,0,0,0,0,0,0,0,103
95323,Jouy-le-Moutier,75115,Paris 15e Arrondissement,95323_75115,0,0,0,0,0,0,0,0,0,0,0,0,0,0,0,0,0,0,0,0,107,112,122,114
95323,Jouy-le-Moutier,78172,Conflans-Sainte-Honorine,95323_78172,0,0,0,0,0,0,0,0,0,0,0,0,209,206,190,204,206,202,210,201,193,201,206,203
95323,Jouy-le-Moutier,78498,Poissy,95323_78498,0,0,0,0,0,0,0,0,0,0,0,0,165,161,169,148,149,140,140,129,149,153,182,153
95323,Jouy-le-Moutier,78551,Saint-Germain-en-Laye,95323_78551,0,0,0,0,0,0,0,0,0,0,0,0,0,111,107,111,101,105,0,0,0,0,0,107
95323,Jouy-le-Moutier,92026,Courbevoie,95323_92026,0,0,0,0,0,0,0,0,0,0,0,0,186,194,193,185,145,128,138,135,115,118,138,152
95323,Jouy-le-Moutier,92050,Nanterre,95323_92050,0,0,0,0,0,0,0,0,0,0,0,0,265,268,250,220,219,199,174,167,160,164,182,206
95323,Jouy-le-Moutier,92062,Puteaux,95323_92062,0,0,0,0,0,0,0,0,0,0,0,0,121,123,139,128,136,129,125,112,120,126,151,128
95323,Jouy-le-Moutier,95018,Argenteuil,95323_95018,0,0,0,0,0,0,0,0,0,0,0,0,119,0,0,0,0,0,0,107,113,119,130,118
95323,Jouy-le-Moutier,95127,Cergy,95323_95127,360,331,304,293,308,292,309,360,380,389,408,339,704,696,719,730,758,771,762,817,811,834,835,767
95323,Jouy-le-Moutier,95218,Éragny,95323_95218,0,0,0,0,0,0,0,0,0,0,0,0,212,191,152,138,154,143,142,165,158,167,213,167
95323,Jouy-le-Moutier,95306,Herblay-sur-Seine,95323_95306,0,0,0,0,0,0,0,0,0,0,0,0,0,0,0,0,0,0,0,101,0,104,129,111
95323,Jouy-le-Moutier,95476,Osny,95323_95476,0,0,0,0,0,0,0,0,0,0,0,0,206,180,168,156,172,153,147,140,141,145,158,161
78382,Maurecourt,78172,Conflans-Sainte-Honorine,78382_78172,0,0,0,0,0,0,114,113,112,118,116,115,176,169,174,176,177,177,133,132,131,133,133,156
78382,Maurecourt,78624,Triel-sur-Seine,78382_78624,0,0,0,0,0,0,122,121,120,122,120,121,0,0,0,0,0,0,0,0,0,0,0,0
78382,Maurecourt,78015,Andrésy,78382_78015,118,220,226,228,228,229,198,196,195,195,191,202,0,0,0,0,0,0,0,0,0,0,0,0
95388,Menucourt,95127,Cergy,95388_95127,138,140,139,139,126,128,130,133,132,135,131,134,284,288,286,286,303,309,315,324,323,332,427,316
95388,Menucourt,95500,Pontoise,95388_95500,0,0,0,0,0,0,0,0,0,0,0,0,130,132,131,131,0,0,0,0,0,0,136,132
95388,Menucourt,95572,Saint-Ouen-l'Aumône,95388_95572,0,0,0,0,0,0,0,0,0,0,0,0,118,120,119,119,165,168,170,175,175,179,107,147
95388,Menucourt,95637,Vauréal,95388_95637,0,0,0,0,122,123,125,128,127,130,185,134,0,0,0,0,0,0,0,0,0,0,0,0
95476,Osny,75108,Paris 8e Arrondissement,95476_75108,0,0,0,0,0,0,0,0,0,0,0,0,139,129,132,131,110,109,121,119,143,140,139,128
95476,Osny,75115,Paris 15e Arrondissement,95476_75115,0,0,0,0,0,0,0,0,0,0,0,0,0,0,0,0,0,0,0,0,104,104,103,104
95476,Osny,78172,Conflans-Sainte-Honorine,95476_78172,0,0,0,0,0,0,0,0,0,0,0,0,0,0,110,111,118,0,0,0,0,0,0,113
95476,Osny,92026,Courbevoie,95476_92026,0,0,0,0,0,0,0,0,0,0,0,0,105,120,102,0,112,101,0,109,120,120,110,111
95476,Osny,92050,Nanterre,95476_92050,0,0,0,0,0,0,0,0,0,0,0,0,142,126,104,104,106,0,0,0,0,0,0,116
95476,Osny,92062,Puteaux,95476_92062,0,0,0,0,0,0,0,0,0,0,0,0,0,0,0,0,0,0,0,0,0,0,108,108
95476,Osny,95018,Argenteuil,95476_95018,0,0,0,0,0,0,0,0,0,0,0,0,118,123,0,0,0,101,0,114,140,144,163,129
95476,Osny,95127,Cergy,95476_95127,343,319,312,333,360,369,363,350,326,324,306,337,720,720,732,687,706,723,695,691,767,786,742,724
95476,Osny,95218,Éragny,95476_95218,0,0,0,0,0,0,0,0,0,0,0,0,135,130,168,164,185,173,170,174,172,171,163,164
95476,Osny,95500,Pontoise,95476_95500,419,410,394,387,365,415,441,477,495,492,369,424,435,435,471,538,564,514,543,544,517,515,465,504
95476,Osny,95572,Saint-Ouen-l'Aumône,95476_95572,0,0,0,0,0,0,0,0,0,0,0,0,345,353,362,393,364,379,371,386,395,394,401,377
95500,Pontoise,75108,Paris 8e Arrondissement,95500_75108,0,0,0,0,0,0,0,0,0,0,0,0,241,247,264,279,281,296,293,271,258,265,266,269
95500,Pontoise,75109,Paris 9e Arrondissement,95500_75109,0,0,0,0,0,0,0,0,0,0,0,0,125,133,133,131,135,154,156,174,187,197,215,158
95500,Pontoise,75110,Paris 10e Arrondissement,95500_75110,0,0,0,0,0,0,0,0,0,0,0,0,120,136,138,121,114,0,0,0,0,0,0,126
95500,Pontoise,75113,Paris 13e Arrondissement,95500_75113,0,0,0,0,0,0,0,0,0,0,0,0,0,0,0,0,0,109,110,0,0,100,0,106
95500,Pontoise,75115,Paris 15e Arrondissement,95500_75115,0,0,0,0,0,0,0,0,0,0,0,0,152,150,156,121,121,161,185,204,221,232,219,175
95500,Pontoise,75116,Paris 16e Arrondissement,95500_75116,0,0,0,0,0,0,0,0,0,0,0,0,115,109,116,112,115,107,115,116,115,118,130,115
95500,Pontoise,75117,Paris 17e Arrondissement,95500_75117,0,0,0,0,0,0,0,0,0,0,0,0,124,133,154,157,161,176,161,169,193,200,216,168
95500,Pontoise,78172,Conflans-Sainte-Honorine,95500_78172,0,0,0,0,0,0,0,0,0,0,0,0,245,241,231,223,203,185,156,120,115,118,128,179
95500,Pontoise,78498,Poissy,95500_78498,0,0,0,0,0,0,0,0,0,0,0,0,119,0,0,0,0,0,0,0,0,0,0,119
95500,Pontoise,92026,Courbevoie,95500_92026,0,0,0,0,0,0,0,0,0,0,0,0,219,204,185,148,122,125,143,140,153,159,177,161
95500,Pontoise,92036,Gennevilliers,95500_92036,0,0,0,0,0,0,0,0,0,0,0,0,108,123,137,127,140,130,124,119,144,149,147,132
95500,Pontoise,92044,Levallois-Perret,95500_92044,0,0,0,0,0,0,0,0,0,0,0,0,0,105,110,106,115,112,107,114,109,114,113,111
95500,Pontoise,92050,Nanterre,95500_92050,0,0,0,0,0,0,0,103,110,110,102,106,213,168,208,201,196,180,182,181,184,188,210,192
95500,Pontoise,92062,Puteaux,95500_92062,0,0,0,0,0,0,0,0,0,0,0,0,160,164,149,169,148,139,142,136,128,133,143,146
95500,Pontoise,93066,Saint-Denis,95500_93066,0,0,0,0,0,0,0,0,0,0,0,0,147,148,163,161,168,164,168,156,153,158,159,159
95500,Pontoise,93070,Saint-Ouen,95500_93070,0,0,0,0,0,0,0,0,0,0,0,0,0,0,0,0,102,109,117,114,0,0,0,111
95500,Pontoise,95018,Argenteuil,95500_95018,0,0,0,0,0,0,0,0,0,0,0,0,172,194,212,218,217,213,183,174,190,200,196,197
95500,Pontoise,95116,Bruyères-sur-Oise,95500_95116,0,0,0,0,0,0,0,0,0,0,0,0,0,0,103,0,100,0,103,0,0,0,0,102
95500,Pontoise,95127,Cergy,95500_95127,595,635,596,622,622,737,747,807,833,836,759,708,1241,1212,1195,1177,1162,1161,1143,1187,1234,1291,1289,1208
95500,Pontoise,95211,Ennery,95500_95211,0,0,0,0,0,0,0,0,0,0,0,0,125,119,122,112,106,113,108,110,0,103,0,113
95500,Pontoise,95218,Éragny,95500_95218,0,0,0,0,0,0,0,0,0,0,0,0,383,336,332,295,291,293,276,261,283,297,269,301
95500,Pontoise,95306,Herblay,95500_95306,0,0,0,0,0,0,0,0,0,0,0,0,110,129,129,157,152,147,147,153,124,131,144,138
95500,Pontoise,95476,Osny,95500_95476,0,104,111,0,0,105,110,106,105,124,116,110,567,542,549,537,506,495,512,511,494,504,491,519
95500,Pontoise,95488,Pierrelaye,95500_95488,0,0,0,0,0,0,0,0,0,0,0,0,145,161,0,102,102,0,0,0,0,0,118,126
95500,Pontoise,95527,Roissy-en-France,95500_95527,0,0,0,0,0,0,0,0,0,0,0,0,123,0,105,0,0,0,0,0,0,0,0,114
95500,Pontoise,95572,Saint-Ouen-l'Aumône,95500_95572,183,187,192,179,161,140,122,110,124,130,129,151,1008,908,883,855,875,943,918,897,902,918,880,908
95572,Saint-Ouen-l'Aumône,75108,Paris 8e Arrondissement,95572_75108,0,0,0,0,0,0,0,0,0,0,0,0,197,281,252,244,237,215,153,149,165,167,216,207
95572,Saint-Ouen-l'Aumône,75109,Paris 9e Arrondissement,95572_75109,0,0,0,0,0,0,0,0,0,0,0,0,136,114,124,0,100,117,116,116,130,135,129,122
95572,Saint-Ouen-l'Aumône,75112,Paris 12e Arrondissement,95572_75112,0,0,0,0,0,0,0,0,0,0,0,0,0,117,0,0,0,0,0,114,126,128,121,121
95572,Saint-Ouen-l'Aumône,75115,Paris 15e  Arrondissement,95572_75115,0,0,0,0,0,0,0,0,0,0,0,0,0,0,0,114,123,120,143,153,156,156,176,143
95572,Saint-Ouen-l'Aumône,75116,Paris 16e Arrondissement,95572_75116,0,0,0,0,0,0,0,0,0,0,0,0,116,0,106,0,104,0,107,0,0,0,102,107
95572,Saint-Ouen-l'Aumône,75117,Paris 17e Arrondissement,95572_75117,0,0,0,0,0,0,0,0,0,0,0,0,129,127,0,116,125,141,140,145,156,158,135,137
95572,Saint-Ouen-l'Aumône,75119,Paris 19e Arrondissement,95572_75119,0,0,0,0,0,0,0,0,0,0,0,0,0,0,0,0,0,0,0,102,127,129,114,118
95572,Saint-Ouen-l'Aumône,78172,Conflans-Sainte-Honorine,95572_78172,0,0,0,0,0,0,0,0,0,0,0,0,128,152,149,158,158,157,128,101,110,114,131,135
95572,Saint-Ouen-l'Aumône,92012,Boulogne-Billancourt,95572_92012,0,0,0,0,0,0,0,0,0,0,0,0,135,118,129,111,0,0,0,0,0,0,0,123
95572,Saint-Ouen-l'Aumône,92024,Clichy,95572_92024,0,0,0,0,0,0,0,0,0,0,0,0,0,0,100,111,105,0,101,0,101,105,102,104
95572,Saint-Ouen-l'Aumône,92025,Colombes,95572_92025,0,0,0,0,0,0,0,0,0,0,0,0,0,0,0,0,0,0,0,0,101,102,112,105
95572,Saint-Ouen-l'Aumône,92026,Courbevoie,95572_92026,0,0,0,0,0,0,0,0,0,0,0,0,138,132,141,146,124,140,142,140,160,162,128,141
95572,Saint-Ouen-l'Aumône,92036,Gennevilliers,95572_92036,0,0,0,0,0,0,0,0,0,0,0,0,105,111,137,142,165,175,409,346,349,351,373,242
95572,Saint-Ouen-l'Aumône,92044,Levallois-Perret,95572_92044,0,0,0,0,0,0,0,0,0,0,0,0,0,0,0,0,0,0,0,0,0,100,122,111
95572,Saint-Ouen-l'Aumône,92050,Nanterre,95572_92050,0,0,0,0,0,0,0,0,0,0,0,0,159,159,136,157,161,168,169,192,176,178,172,166
95572,Saint-Ouen-l'Aumône,92062,Puteaux,95572_92062,0,0,0,0,0,0,0,0,0,0,0,0,0,0,0,104,106,115,112,124,109,112,121,113
95572,Saint-Ouen-l'Aumône,93066,Saint-Denis,95572_93066,0,0,0,0,0,0,0,0,0,0,0,0,136,130,115,111,134,130,138,148,148,159,147,136
95572,Saint-Ouen-l'Aumône,95018,Argenteuil,95572_95018,0,0,0,0,0,0,0,0,0,0,0,0,249,359,327,305,298,274,154,144,158,159,191,238
95572,Saint-Ouen-l'Aumône,95063,Bezons,95572_95063,0,0,0,0,0,0,0,0,0,0,0,0,0,0,0,120,121,126,103,0,0,0,0,118
95572,Saint-Ouen-l'Aumône,95127,Cergy,95572_95127,275,272,278,303,334,376,372,323,321,324,295,316,673,733,763,757,805,804,760,718,745,757,752,752
95572,Saint-Ouen-l'Aumône,95176,Cormeilles-en-Parisis,95572_95176,0,0,0,0,0,0,0,0,0,0,0,0,132,0,0,0,0,0,0,0,0,0,0,132
95572,Saint-Ouen-l'Aumône,95211,Ennery,95572_95211,0,0,0,0,0,0,0,0,0,0,0,0,0,0,0,0,101,116,0,0,0,0,0,109
95572,Saint-Ouen-l'Aumône,95218,Éragny,95572_95218,0,0,0,0,0,0,0,0,0,0,0,0,266,273,316,333,296,282,268,269,263,273,258,282
95572,Saint-Ouen-l'Aumône,95252,Franconville,95572_95252,0,0,0,0,0,0,0,0,0,0,0,0,107,109,0,0,0,0,0,0,0,0,0,108
95572,Saint-Ouen-l'Aumône,95306,Herblay,95572_95306,0,0,0,0,0,0,0,0,0,0,0,0,158,164,183,172,152,155,129,138,141,145,136,152
95572,Saint-Ouen-l'Aumône,95476,Osny,95572_95476,116,117,0,102,0,0,0,0,0,0,0,112,236,226,218,231,220,207,203,190,176,176,181,206
95572,Saint-Ouen-l'Aumône,95488,Pierrelaye,95572_95488,0,0,0,0,0,0,0,0,0,0,0,0,111,118,0,0,0,0,0,0,0,0,118,116
95572,Saint-Ouen-l'Aumône,95500,Pontoise,95572_95500,199,211,166,207,261,301,360,419,421,422,400,306,473,528,506,535,548,546,463,459,456,459,467,495
95572,Saint-Ouen-l'Aumône,95527,Roissy-en-France,95572_95527,0,0,0,0,0,0,0,0,0,0,0,0,103,112,121,112,111,0,0,0,0,0,0,112
95572,Saint-Ouen-l'Aumône,95607,Taverny,95572_95607,0,0,0,0,0,0,0,0,0,0,0,0,131,131,154,156,160,132,114,0,0,101,118,133
95637,Vauréal,75108,Paris 8e Arrondissement,95637_75108,0,0,0,0,0,0,0,0,0,0,0,0,131,144,134,129,136,149,151,152,154,152,148,144
95637,Vauréal,75109,Paris 9e Arrondissement,95637_75109,0,0,0,0,0,0,0,0,0,0,0,0,0,105,0,109,114,107,116,110,104,0,0,109
95637,Vauréal,75115,Paris 15e Arrondissement,95637_75115,0,0,0,0,0,0,0,0,0,0,0,0,0,105,0,0,0,0,0,0,0,0,105,105
95637,Vauréal,75117,Paris 17e Arrondissement,95637_75117,0,0,0,0,0,0,0,0,0,0,0,0,114,105,0,0,0,0,0,0,0,0,0,110
95637,Vauréal,78172,Conflans-Sainte-Honorine,95637_78172,0,0,0,0,0,0,0,0,0,0,0,0,123,135,128,133,133,130,105,144,141,138,144,132
95637,Vauréal,78498,Poissy,95637_78498,0,0,0,0,0,0,0,0,0,0,0,0,107,0,0,0,0,0,0,0,0,0,0,107
95637,Vauréal,92026,Courbevoie,95637_92026,0,0,0,0,0,0,0,0,0,0,0,0,196,202,179,157,164,150,172,168,171,173,158,172
95637,Vauréal,92036,Gennevilliers,95637_92036,0,0,0,0,0,0,0,0,0,0,0,0,112,117,104,0,0,0,0,0,0,0,0,111
95637,Vauréal,92050,Nanterre,95637_92050,0,0,0,0,0,0,0,0,0,0,0,0,189,202,191,215,211,249,244,252,228,228,201,219
95637,Vauréal,92062,Puteaux,95637_92062,0,0,0,0,0,0,0,0,0,0,0,0,148,156,183,174,185,165,158,145,159,159,166,163
95637,Vauréal,93066,Saint-Denis,95637_93066,0,0,0,0,0,0,0,0,0,0,0,0,0,106,0,0,0,0,0,0,0,0,0,106
95637,Vauréal,95018,Argenteuil,95637_95018,0,0,0,0,0,0,0,0,0,0,0,0,135,115,108,0,0,0,0,0,0,0,0,119
95637,Vauréal,95127,Cergy,95637_95127,404,376,396,374,338,342,339,325,348,342,333,356,913,885,885,968,956,951,956,955,918,911,906,928
95637,Vauréal,95218,Éragny,95637_95218,0,0,0,0,0,0,0,0,0,0,0,0,150,159,156,189,179,169,157,155,128,131,134,155
95637,Vauréal,95306,Herblay,95637_95306,0,0,0,0,0,0,0,0,0,0,0,0,0,0,101,0,0,0,0,0,0,0,0,101
95637,Vauréal,95323,Jouy-le-Moutier,95637_95323,0,0,0,107,125,148,149,164,168,163,143,146,168,172,159,168,132,132,160,155,156,158,172,157
95637,Vauréal,95476,Osny,95637_95476,115,113,101,0,0,0,0,0,0,0,0,110,279,269,237,207,215,221,214,216,203,205,213,225
95637,Vauréal,95500,Pontoise,95637_95500,182,180,130,131,138,161,163,196,197,188,158,166,303,330,338,332,324,313,281,278,278,275,288,304
95637,Vauréal,95527,Roissy-en-France,95637_95527,0,0,0,0,0,0,0,0,0,0,0,0,0,0,0,0,0,102,106,0,0,0,0,104
95637,Vauréal,95572,Saint-Ouen-l'Aumône,95637_95572,0,0,0,0,0,0,0,0,0,0,0,0,382,328,349,313,311,305,339,356,383,379,325,343
